﻿{"cameraMode":{"drawMode":0,"name":"Shaded","section":"Shading Mode"},"sceneLighting":true,"audioPlay":false,"sceneViewState":{"showFog":true,"showMaterialUpdate":false,"showSkybox":true,"showFlares":true,"showImageEffects":true,"showParticleSystems":true},"in2DMode":false,"pivot":{"x":-3118.29736328125,"y":-3880.566162109375,"z":3663.4248046875},"rotation":{"x":-0.31362923979759219,"y":0.32591673731803896,"z":-0.11558558791875839,"w":-0.8843387961387634},"size":6272.490234375,"orthographic":false}